,0,target
0,A Beginner's Guide to Nootropics,0
1,/r/Longevity - For Longevity Related Research and Discussion.,0
2,"Nicotine without an MAOI is less addictive? Sounds sketchy at best, so I ask the experts here.",0
3,Ever wondered why fungi contain compounds that affect human cognition? It's because our unicellular ancestors shared ancient neurotransmitters that pre-dated the evolution of the brain. - Prof. Michael Levin NeurIPS 2018,0
4,The Past and Future of Psychedelics with Rick Doblin,0
5,Review: Fermented Foods may Improve Mental Health Through the Microbiome (2018),0
6,With the new legalization of CBD oil I'm Looking for a reputable place to purchase in the U.S. Any Suggestions?,0
7,$4 Million in New Grants Support Several First-in-Class Dementia Treatments,0
8,Huperzine A and lucid dreams.,0
9,Zinc (30mg/day) increases serum BDNF levels and decreases depressive symptoms in overweight or obese subjects [n = 46] (2015),0
10,Which Berberine supplements do you recommend?,0
11,Bacopa and irritability,0
12,Global Drug Survey 2019 (including questions on microdosing psychedelics),0
13,How long did Maca take to start working for you?,0
14,Best medium for receiving news on this topic?,0
15,selegiline and alcohol,0
16,An info on adrenal insufficiency/Addisons?,0
17,"What does the ""l"" of l-theanine or l-tyrosine stand for?",0
18,The Influence of Background Music on Learners with varying Extraversion: Seductive Detail or Beneficial Effect?,0
19,"Hey all, lurker here. I‚Äôm looking for some direction on the best L-Theanine products around. Your time is appreciated, thank you!",0
20,Causal effects of lifetime smoking on risk for depression and schizophrenia: Evidence from a Mendelian randomisation study,0
21,Thoughts on Lion's Mane Mushroom?,0
22,1 week on 100mg daily of etifoxine.,0
23,Chia Seed's Ability to Affect Cognition and Behavior,0
24,Anyone know how to raise cerebral spinal fluid pressure for low CSF headaches?,0
25,Noopept + choline as a snuff?,0
26,"5 Top Benefits, Uses &amp;amp; Side Effects Of Brahmi | Bacopa Monnieri - Wildturmeric",0
27,Monitoring liver damage from use of etifoxine?,0
28,Experiences/Efficacy of l-tetrahydropalmatine for sleep onset?,0
29,Daily Microdosing at Even Lower Doses,0
30,Are CDP-Choline-Na and CDP-Choline the same chemical?,0
31,"Aniracetam - 1-p-anisoyl-2-pyrrilidinone, Ro 13-5057, CAS 72432-10-1, 1(4-methoxybenzoyl)-2-pyrrolidinone - Showing as a Benzodiazepine on urine screening drug test!?!",0
32,High dietary intake of BCAAs is associated with an increased risk of Insulin Resistance in adults [n = 1205] (2018),0
33,Why single dose is recommended for Noopept?,0
34,Pircatem the bad and the good,0
35,I wish wish wish Fish oil didn't give me insomnia.,0
36,"Breastfeeding mother, vitiman and nutrition question (no im not going to be taking herbal stuff/drugs )",0
37,Piracetam has zero effect on me?,0
38,Omega-3s and phospholipids: krill oil better than fish oil for brain function,0
39,Ashwaganda: bloated stomach?,0
40,"Meta-analysis of 11 Longitudinal Studies and 101,950 Participants Shows Significant Association between Pro-inflammatory Diet and Risk of Depression (2018)",0
41,What's your experience with Rhodiola Rosea compared to other nootropics/stacks?,0
42,NAC Right Side Discomfort?,0
43,TEACRINE Vs. Caffeine + L-theanine,0
44,How do I counteract dopamine synthesis deficiency in my mid brain?,0
45,Noots that DONT just increase memorization ability?,0
46,"BDNF deficiency, which causes high anxiety levels, also prevents overeating-induced obesity in mice, by increasing energy expenditure [TDEE] (2018)",0
47,"Nootropics like Bacopa what does improve? Memorization or ""the process of remember""?",0
48,Yohimbe And Cold Showers,0
49,Caffeine Withdrawals and Anxiety - what is happening in the brain?,0
50,Are there any Noots that can help with nicotine withdrawals,0
51,Mucunna Pruriens causing depersonalisation and panic,0
52,I‚Äôm about to have the meanest caffeine withdrawal headache most likely tmr/ the day after,0
53,"I‚Äôd like to learn more about paradoxical, or opposite, nootropic effects. These could happen with accidental ‚Äòoverdose‚Äô, as a comedown or rebound effect, or possibly from certain drug interactions.",0
54,Warning about chronic NAC (N-Acetyl Cysteine) use: High NAC intake = (possibly) ‚ÜìH2S + ‚ÜëHomocysteine = possibly increased risk for atherosclerosis,0
55,Coffein tabs vs Guarana,0
56,"5 Days of SLEEP HACKS: weighted blanket, supplements &amp;amp; more!",0
57,Is Isopropylphenidate legal in USA?,0
58,Could someone unpack the role of mTOR in the brain for me?,0
59,NAC causes fatigue in the afternoon,0
60,Procuring Semax online,0
61,About L-theanine fillers,0
62,What can I expect from taking dhea 5mg with pregnenolone 10 mg?,0
63,Rhodiola makes me more anxious,0
64,Effect of vitamin D supplementation on testosterone levels in men.2011,0
65,weird/bad reaction Alpha GPC (choline),0
66,Noopept = no pep?,0
67,Combining nootropics.,0
68,Zinc gives me nausea for almost a day,0
69,Thoughts on Magtein?,0
70,Any experiences with Zeolite?,0
71,My first dose of Aniracetam was horrible. Can you help?,0
72,Trazodone Rebound,0
73,What is the current scientific consensus on brain training programs that aim to improve memory or concentration?,0
74,"My experience with Ashwagandha: Anxiety, rumination, depression and insomnia",0
75,Best Vitamin D Supplement?,0
76,Zinc and burst of energy? Why?,0
77,"is there anything u can take after tearing soft tissue, that will help make the new scar tissue, that's being applied to the injury site,stronger?",0
78,Does anyone NOT get irritable on selegeline?,0
79,I have an idea...tell me if it's idiot,0
80,Scary experience with NAC,0
81,Neurosteroid coadministration prevents development of tolerance and augments recovery from benzodiazepine withdrawal anxiety and hyperactivity in mice. How etifoxine does not cause tolerance.,0
82,Etifoxine safety profile ( 30 case of serious adverse case out of more then a million prescription each year from 2000 to 2012),0
83,Thank you all. Today I was able to help my mothers cancer treatment in a way I could not have if it weren‚Äôt for you.,0
84,"So yesterday I ordered my first batch of Nootropics in over 4 years. Holy crap, I've been missing out.",0
85,Lithium Orotate users...,0
86,Ashwagandha linked to gynecomastia?,0
87,"Sleep-Inducing Component of Traditional Herb (Ashwagandha) Identified. - Can‚Äôt sleep? Your sleep problems may be improved if you try an Indian herb, Ashwagandha. Researchers in the sleep institute in Japan found that an active component of Ashwagandha leaves significantly induces sleep.",0
88,League on Piracetam,0
89,Impact of brown rice-specific Œ≥-oryzanol on epigenetic modulation of dopamine D2 receptors in brain striatum in high-fat-diet-induced obesity in mice. Subtle but effective noot?,0
90,Can I take Glutamine if I suffer from OCD?,0
91,"In general, for a young 18 yeards old, what nootropic is good to start? Because I read that some of them are for adults.",0
92,Thoughts on Neuro-Peak?,0
93,Avena Sativa as an MAO inhibitor.,0
94,Alpha GPC turned into a thick liquid in capsule - still good to take?,0
95,5HTP vs Tryptophan?,0
96,Reading on piracetam,0
97,dont mix piracetam in shakes,0
98,L'THEANINE HELP,0
99,Should Ashwagandha be used situationally or daily at the same time same amount?,0
100,Racetam Ragefaps?,0
101,Anybody here get a positive response from fish oil?,0
102,Long term side effects,0
103,The Best Nootropics For Memory,0
104,NAD therapy,0
105,My Piracetam Experience /Benefits,0
106,Which b12 blood test should I get,0
107,NSI-189 held by FDA?,0
108,Strong noopet headaches! Help!,0
109,Association of vitamin D status with serum androgen levels in men.2010,0
110,Piracetam Dosage,0
111,Foods/supplements that deplete Vitamin B12?,0
112,Fish Oil induced Depression/Anxiety/Brain Fog ?,0
113,what are some sites like selfhacked &amp; examine?,0
114,Irish scientists prove Vitamin D levels linked to depression (source: Irishcentral.com),0
115,Nopept and fasoracetam combo has cured my depression however....,0
116,Does anyone have experience with Russian biopeptides by Dr Khavinson?,0
117,Berberine as a possible Antipsychotic (2014),0
118,The mediating role of phosphodiesterase type 4 in the dopaminergic modulation of motor impulsivity,0
119,How safe is repeated use of Liftmode's energy caps?,0
120,Organika Ltheanine didn't work for me.,0
121,"Microbiome‚ÄîThe Missing Link in the Gut-Brain Axis: Focus on Its Role in Gastrointestinal and Mental Health (Review, Dec 2018)",0
122,"Zinc, Metallothioneins, Gut-Brain permeability",0
123,Excess Sugar Consumption During Pregnancy and Childhood Associated with Poorer Cognitive Outcomes (2018),0
124,Vitamin D causing bad diarrhea?,0
125,Can nootropics acctutually enhance cognitive capabilities long term in healthy individuals?,0
126,Alternative to Calm Magnesium that doesn't mess with your stomach?,0
127,Does anyone else have watery eyes?,0
128,"Looking to create a ""silver tongue"" effect, what's the consensus?",0
129,Meta-analysis: Resveratrol Moderately Improve Mood and Cognitive Performance in Healthy Adults (2018),0
130,I have no effects from caffeine. Genetics or interference?,0
131,Supplements similar to Bacopa but that non inhibits cytochrome p450?,0
132,Effect of PPIs on Cognition,0
133,Chronic but not acute treatment with caffeine attenuates traumatic brain injury in the mouse cortical impact model.2008,0
134,Anyone else ever get this prickly scalp sensation? Histamine?,0
135,"Incredibly simple ADHD ""stack"". If you have ""cyclical"" ADHD symptoms, this could be the reason why.",0
136,Is OCD more a serotonin issue or a glutamate issue? Or a combination of both?,0
137,Prednisone acting as a nootropic?,0
138,L-Theanine: is it only me?,0
139,Lions Mane,0
140,Nootropics to help mitigate Nitrate loss from taking NAC?,0
141,MAO inhibitors and Cough medicine,0
142,Question for ashwagandha users?,0
143,"Rhodiola and/or Ashwagandha has decreased my anxiety, but now I feel angry and annoyed all the time???",0
144,Is this just me? Does anyone else get this?,0
145,KSM66 vs Sensoril for social anxiety?,0
146,How can I succeed with Nicotine as a nootropic? (Harm reduction),0
147,Is Piracetam water-soluble?,0
148,L-theanine making me lazy?,0
149,How long after a head CT scan should you wait before using compounds that can worsen the radiation-induced DNA damage (pro-oxidants like Adderall)?,0
150,Found this brand at my local healthfood store. Anyone have first hand experience or feedback? They claim 30% polysaccharides!!,0
151,Huperzine A is seriously nauseating,0
152,Postnatal TrkB ablation in corticolimbic interneurons induces social dominance in male mice.,0
153,Anxiolytic Effect of Exogenous Ketone Supplementation Is Abolished by Adenosine A1 Receptor Inhibition in Wistar Albino Glaxo/Rijswijk Rats.2018,0
154,LF ephedra to ephedrine conversion ratio,0
155,Low Dose Caffeine &amp; L-Theanine Mix?,0
156,Is there a good way to write on capsules?,0
157,Podcast Summary/Notes - The Kevin Rose Show - Tim Chang on Consciousness Hacking,0
158,Caffeine. Can you be YOURSELF without it?,0
159,Thoughts on getting all vitamins naturally?,0
160,Eggs and Cholinergic Depression,0
161,Beginning lions mane,0
162,N-Acetyl L-Cysteine ph too low to use in powder form?,0
163,Where can I get Nootropics In Bulgaria?,0
164,To all the people who are trying to cut caffeine,0
165,Post your fav drugs/supplements!,0
166,Naltrexone alters the processing of social and emotional stimuli in healthy adults,0
167,Neurological Effects of BPAs,0
168,Taurine &amp; Tryptophan,0
169,Just found this. Definitely worth a read! One of the best over-views on the subject.,0
170,Has anyone tried any of these new ‚Äúraw and living‚Äù spirulina companies?,0
171,Check out my custom Energy &amp; Focus mini stack (ATP related),0
172,How long does Rhodiola Rosea AND Ashwagandha last for?,0
173,Perilla oil vs fish oil,0
174,"How UV Light Touches the Brain and Endocrine System Through Skin, and Why.",0
175,Omega-3 Brain Fog and NMDA blockade.,0
176,Memantine and sarcosine,0
177,Weird reaction to B vitamins,0
178,Cordyceps and Paul Stamet's Claims,0
179,How long does it take to see initial effects on L-Theanine and GABA ?,0
180,Anybody Know where I can get Nootropic Samples from different websites?,0
181,"The brain on milk: inhibits cysteine uptake impacting opioid system, choline, energy and mood",0
182,Whats the best Nootropic Vendor in Europe?,0
183,"Korean Medicinal Herb Scrophularia Buergeriana (Figwort, Xuanshen): Cognitive-enhancing &amp; antioxidant activities of iridoid glycosides from Scrophularia buergeriana in scopolamine-treated mice",0
184,Your experience with lithium orotate. Does it decrease (or increase) motivation? Other pros/cons?,0
185,Effects of ibuprofen on cognition and NMDA receptor subunit expression across aging.2017,0
186,Has anyone used agmatine and creatine together.,0
187,"Smarter Than Thou, Holier Than Thou: The Dynamic Interplay Between Cognitive and Moral Enhancement.2018",0
188,NAD+ supplementation normalizes key Alzheimer's features and DNA damage responses in a new AD mouse model with introduced DNA repair deficiency.2018,0
189,A useful info graphics,0
190,Brain-derived neurotrophic factor mediates cognitive improvements following acute exercise.2017,0
191,"DayQuil, surprising positive effects despite being sick",0
192,Increased Metabotropic Glutamate Receptor 5 Signaling Underlies Obsessive-Compulsive Disorder-like Behavioral and Striatal Circuit Abnormalities in Mice.2016,0
193,How long does it take for Ashwagandha to leave your system?,0
194,NMDA GluN2B receptors involved in the antidepressant effects of curcumin in the forced swim test.2013,0
195,Ugh does st johns wort really have the potential to cause blindness?,0
196,Is Phytic Acid That Bad?,0
197,"Professionals that depend on High-level memorization skills and smoke Cannabis, how affected is your memory?",0
198,Capsule Calculations,0
199,Magnesium status and supplementation influence vitamin D status and metabolism: results from a randomized trial.2018,0
200,Use and Propensity to Use Substances as Cognitive Enhancers in Italian Medical Students.2018,0
201,Hydrogen Tablets - anyone have experience with these?,0
202,Randomized Prospective Double-Blind Studies to Evaluate the Cognitive Effects of Inositol-Stabilized Arginine Silicate in Healthy Physically Active Adults.2016,0
203,Music improves dopaminergic neurotransmission: demonstration based on the effect of music on blood pressure regulation.2004,0
204,Is diphenhydramine an anti-nootropic?,0
205,Etifoxine vs lorazepam,0
206,Stirring up the current coffee debate: Developing Brains of Preterm Babies Benefit From Caffeine Therapy,0
207,Relationship of sugar with drowsiness,0
208,Weed for insomnia - worth it?,0
209,"Etifoxine (150mg) vs xanax (1.5, dose usually prescribed)",0
210,"Cordyceps Sinensis from Vitajing, wild crafted?",0
211,Memantine,0
212,Do repeated freeze-thaw cycles damage nootropic powders over time?,0
213,Ketamine may exert antidepressant effects via suppressing NLRP3 inflammasome to upregulate AMPA receptors.2018,0
214,ELI5 the relationship btw Acetylcarnitine and platelets (please),0
215,nootropicscity is it legit?,0
216,Do the effects of NSI-189 diminish over time?,0
217,Uridine = insomnia,0
218,What is your experience with Magnolia bark?,0
219,Regulation of brain function by exercise.2003,0
220,Scientific evidence about safety and risks of CASUAL Metilphenidate/Concerta use,0
221,How to use 5-HTP so that one minimizes risks for heart etc.?,0
222,Memantine &amp; Sleep Architecture,0
223,Quercetin suppresses NLRP3 inflammasome activation and attenuates histopathology in a rat model of spinal cord injury.,0
224,Update on Piracetam Allergy,0
225,One Dose Arginine or Spread over the day?,0
226,magnesium caused me some ectopics heartbeats,0
227,I just did a review of Dihydromyricetin. Have you guys heard of this stuff - DHM?,0
228,Completely cut off Caffeine for better Sleep,0
229,"Vitamin C agonists, do they exist?",0
230,Aniracetam first time user,0
231,Lowering salt intake is nootropic - A New Connection between the Gut and Brain,0
232,Will MK677 theoretically make you smarter?,0
233,Chemically induced ketosis via DL-3-Hydroxybutyric Acid Sodium Salt?,0
234,"Low dose kava, any effects?",0
235,Effect of Fish Oil on Mouse Behavior,0
236,Anyone familiar with the quality of Nature's Trove brand of L-theanine?,0
238,Piracetam - Can you take it every now and again?,0
239,Doctor's Best Ashwagandha Featuring Sensoril vs Jarrow KSM Ashwagandha,0
240,Your top advices and insights of 2018 ?,0
241,d-serine and NMDA agonists?,0
242,Vinpocetine and Gingko Balboa - Bradycardia and Cardiac Issues?,0
243,Some questions about N-acetylcysteine (NAC) for the best brains here :),0
244,"Poor bioavailability of polyphenols may be an upside, not a downside",0
245,"Berberine and Metformin increase insulin sensitivity with equal potency, but only Berberine lowers Triglycerides and total Cholesterol, in T2 Diabetics [n = 36] (2008)",0
246,Gingko biloba and Childhood Memories,0
247,Russian Semax is amazing,0
248,Dietary Glycine Is Rate-Limiting for Glutathione Synthesis and May Have Broad Potential for Health Protection,0
249,Vasopressin recommended sources?,0
250,Sleep patterns in children of superior intelligence.1983,0
251,Sleep Improves Memory: The Effect of Sleep on Long Term Memory in Early Adolescence.2012,0
252,Nortriptyline + melatonin for sleep?,0
253,How to make L Tyrosine work again...,0
254,Do racetams need to be taken over long periods of time?,0
255,Is ''Genius'' really that good?,0
256,"Bacopa Synapsa: decreased motivation, no affects, tiredness",0
257,Increasing tyrosine hydroxylase activity,0
258,Nootropic spot,0
259,Nootropic and hypophagic effects following long term intake of almonds (Prunus amygdalus) in rats. - PubMed,0
260,Question.,0
261,Fake magnesium citrate from Bulk Supplements?,0
262,What is the story with magnesium.l?,0
263,Korean red ginseng excitation of paraventricular nucleus neurons via non-N-methyl-D-aspartate glutamate receptor activation in mice,0
264,"The relationship between gut bacteria, TMAO and heart disease.",0
265,What are your experiences with Magnolia Bark (Honokiol)?,0
266,Loss of NMDA receptors in dopamine neurons leads to the development of affective disorder-like symptoms in mice,0
267,Canadian Nootropics,0
268,Impact of Sleep on the Risk of Cognitive Decline and Dementia.2015,0
269,Bought some L-Dopa. Realized I need to take it with green tea. Is taking DLPA with green tea similar? + questions,0
270,How long does it generally take to notice the effects of cabergoline?,0
271,In desperate need of help with Ashwagandha!,0
272,Curcumin Alters Neural Plasticity and Viability of Intact Hippocampal Circuits and Attenuates Behavioral Despair and COX-2 Expression in Chronically Stressed Rats,0
273,"jan2019 NSI-189 - Enhancement of synaptic plasticity and reversal of impairments in motor and cognitive functions in a mouse model of Angelman Syndrome by a small neurogenic molecule, NSI-189",0
274,Starting Dihexa to treat traumatic brain injury,0
275,REM SLEEP,0
276,Theres a great nootropic supplement I found on Amazon and it's only $11 right now. It's better than any other one available it seems like and cheap,0
277,Can Uridine cause insomnia or bad sleep?,0
278,Swapped diet and now my Nootropic stack super effective? What's going on?,0
279,Best stimulants for fasted state?,0
280,When Supplements Become Substitutes,0
281,Rhodiola rosea Impairs Acquisition and Expression of Conditioned Place Preference Induced by Cocaine,0
282,Noots for energy/motivation,0
283,Is anybody using O2 tanks or an oxygen concentrator as a nootropic? What do you think of it?,0
284,Few separate doses of Dihexa and it's effect on motivation,0
285,Where to get DSIP (Delta sleep inducing peptides),0
286,Is Nooflow any good?,0
287,Snorting 5-htp more effective,0
288,Can cbd oil cause anxiety?,0
289,"Specially formulated B vitamins helped me a lot, bodily and mentally. How? B vitamins in healthy foods in the long-term don't have the same effect.",0
290,r/nootropics approval votes on all nootropics on the beginners guide to nootropics,0
291,Any non-stimulant that helps with focusing?,0
292,Gotu Kola/Centella Asiatica's benefits on mind,0
293,"Drinking alcohol improves memory for information learned before the drinking episode began, new research suggests.",0
294,Caffeine addiction/sensitivity,0
295,Concerns about hydroxyzine,0
296,Modafinil and Escitalopram / Lexapro - adverse effects,0
297,"Increased 5-HT levels from oral administration of 5-HTP, in rats, not quantitative",0
298,"I‚Äôm always looking for a simple way out, when I‚Äôm not even doing the basics.",0
299,Buspiron + Ritalin =&gt; better memory than Ritalin alone,0
300,Ashwagandha supplement recommendations?,0
301,Question on the difference between Lions mane 8:1 vs whole fruiting body,0
302,Thiamine and benfotiamine prevent stress-induced suppression of hippocampal neurogenesis in mice exposed to predation without affecting brain thiamine diphosphate levels. (2017),0
303,Most trusted vendor for caffeine + L-theanine combo?,0
304,Can Ashwagandha cause PERMANENT Hyperthyroidism?,0
305,Nootropic for insomnia?,0
306,Arginine + Citrulline increases NO-bioavailability significantly more than each substance alone,0
307,"Oral Tryptophan administration, Significantly increased Short and Long Term Memory in Rats",0
308,Vitamin K Intake Associated with Better Cognition in Elderly (2018),0
309,"The Brain 007: Microdose LSD slows time, Best physical exercise for mood, Oxygenated Sleep, and more [all links in comment]",0
310,Can you overdose on vitamin K?,0
311,What kind of hobbies promote better cognition?,0
312,What nicotine products do you recommend?,0
313,Peoples experiences with creatine and hairloss specifically,0
314,Rhodiola- can it be taken if you are sensitive to caffeine?,0
315,Are there stacks that potentiates the NGF secretion containing the Lion's Mane ?,0
316,Can you guys share your experiences with Cerebrolysin or P21?,0
317,Making Serotonine cross the BBB?,0
318,Is NSI-189 actually anti-nootropic?,0
319,Is there a list of all Neurotransmitters? This is what I could compile from a few partial lists. If you can add anything or clarify if two or more neurotransmitters are just using different names that would be useful.,0
320,how should i decide on ashwgandha (ksm-66) consumption?,0
321,Meditation,0
322,POLL - Nootropics Community &amp; Addiction,0
323,I understand it takes 2-4 weeks to fully feel the effects of Saint John‚Äôs Wort. Does it have any acute effect?,0
324,Nicotine toothpicks,0
325,is staying awake with caffeine pills and L theanine unhealthy?,0
326,Vitamin A and other antioxidants may increase Mortality in Humans,0
327,Has anyone consistently used sulforaphane (either in supplement or broccoli sprouts) for longer periods,0
328,ITPP Source?,0
329,Any Studies or Papers on GABA + Niacin Stack?,0
330,Brain enhanced through CRISPR/cas9?,0
331,What is the best type of exercise for cognition?,0
332,Strong Association Between Unhealthy Dietary Patterns and Migraine in Women (2018),0
333,Is the nootropics community disproportionately affected by addiction?,0
334,Glutathione and Milk Thistle,0
335,"Getting drowsy / disoriented after using ""energetic"" products???",0
336,Question about melatonin + valerian supplement,0
337,Constant yawning while studying,0
338,Idra 21 studies,0
339,Sick from GABA?,0
340,Article | OPEN | Published: 06 December 2018 The association between neonatal vitamin D status and risk of schizophrenia,0
341,NAC with food?,0
342,Caffeine + L-Theanine making me sleep longer?,0
343,Appetite booster as a counter to 5-HTP,0
344,Probiotics for Allergies?,0
345,Does anyone know of a N-Acetyl Semax Amidate source?,0
346,Reddit nootropics survey by approval voting: select all nootropics you recommend,0
347,Which non-threonate forms of magnesium cross the BBB?,0
348,Those who have taken Ashwagandha on a regular basis how did it affect your emotions?,0
349,"Semax 2nd day, progress with noots so far, overall outlook, and a confession?",0
350,Fish Oil Brain Damage from Oxidative Stress?,0
351,Additionally Supplementation While Running BPC-157,0
352,Is CDP-Choline a good substitute for Uridine Monophosphate + Alpha-GPC?,0
353,Is piracetam relatively safe for a brain not fully developed(20 years old) since it's not a stimulant?,0
354,Caffeine effects on the brain question,0
355,Which Nootropic helped you recover from Drug Induced Psychosis?,0
356,Confused about fish oil,0
357,NSI 189 source now that IRC.bio is gone?,0
358,Nootropics that improve short-term memory and information processing?,0
359,Coffee + Unrefined coconut oil (aka bulletproof) has an immediate positive uplifting and focusing effect.,0
360,Guanfacine,0
361,"Curious experience, bacopa monnieri and triacyteluridine.",0
362,Low dosage creatine supplementation effects on brain?,0
363,Very interesting podcast about coffee.,0
364,Breathwork for improvements in mood and regulation of emotions,0
365,How do you take your curcumin powder? Share recipes please!,0
366,Questions about lion's mane,0
367,"If you took a hypothetical poll of people on here and their purpose for taking nootropics, what would be the top 3 reasons of why people are taking nootropics?",0
368,"Side effects of taking piracetam, is there a way to combat them?",0
369,Choline ‚Äì Essential Nutrient Nootropic,0
370,Vitamins and electrolytes IV,0
371,Are most users here male? (Poll included),0
372,"The effects of Thymoquinone (TQ; 6mg/kg/day, Sub-Q), from Black Seed, on prostate cancer growth in mice",0
373,L-Dopa in supplement form questions.,0
374,L Theanine and Caffeine linked to erections?,0
375,Why do people either get really tired or the opposite on cabergoline?,0
376,Noopept 60mg Daily (30x2),0
377,"Smoking Marijuana Actually Improves Working Memory, Study Indicates",0
378,[Question] Efficacy and experiences of Lions Mane products?,0
379,"20 natural insomnia remedies and the science (or lack thereof) behind them. Includes melatonin, valerian root, magnesiun, and other supplemens.",0
380,Nootropedia - Natural Nootropics Guide,0
381,Natural (and legal) Dopomine reuptake inhibitors?,0
382,"Neuralstem, Inc. (NASDAQ:CUR) Files An 8-K Notice of Delisting or Failure to Satisfy a Continued Listing Rule or Standard; Transfer of Listing",0
383,"Sulbutiamine vs Ashwandga - Which to regularly take for more happiness, better moods, more sociability and not caring about things so much",0
384,Dimethylglycine (DMG) is good for sleep?,0
385,Lion‚Äôs Mane capsules causing headaches?,0
386,Anyone Tried Cinnamyl-Piracetam?,0
387,Glycine Neurotoxicity?,0
388,Maca extract - confused about dosing,0
389,Creatine worsened my OCD - why and any similar experiences?,0
390,"Personally, what has Ashwaghanda done for your health?",0
391,Testosterone users: Has Testosterone enhanced your cognitive abilities?,0
392,My experience with Aniracetam and it's effects on muscles,0
393,New-ish nootropics user. Who would be interested in an excel sheet of my nootropic usage?,0
394,NAD+ efficacy,0
395,Strange reaction to L-Theanine? Possibly due to Ashwagandha Root Powder? Is there any interaction?,0
396,Nootropics became effective with Vodka,0
397,Any Nootropics to help with altitude sickness?,0
398,Why is it when i take caffeine im really good at esports the day i take (obviously) but the day after i suck even worse than if i didnt have caffeine at all.,0
399,Feeling ‚Äònumb‚Äô from Ashwaghanda?,0
400,Identifying the Best Racetam,0
401,The Problem with Smart Pills (Nootropic Cognitive Enhancers) according to Dr. Eric. Berg,0
402,List of nicotine patches that are safe to cut?,0
403,Nicotine Mints,0
404,Ashwagandha... extract?,0
405,"Navdeep Chandel, Ph.D.: metabolism, mitochondria, and metformin in health and disease - Peter Atia",0
406,Which commonly used nootropics interfere with sleep?,0
407,"Slightly incrased TSH, but i have hypothyroidism symptoms, im taking NOW Thyroid Energy, do i also need 5HTP or tryptophan?",0
408,Old memories resurfacing on phenylpiracetam. Normal?,0
409,Can anyone explain why serotonin affects me this badly (my experience with 5HTP and MDMA),0
410,Kosher or vegetarian soft gel fish oil,0
411,Tried NSI-189 for anhedonia effects and concussion.,0
412,HarvardX: Fundamentals of Neuroscience,0
413,Microglial repopulation resolves inflammation and promotes brain recovery after injury,0
414,UK legal nootropic stacks such as Vi-Brain and Brainzyme,0
415,Microbial-based treatment reverses autism spectrum social deficits in mouse models,0
416,Anyone take Beta-Hydroxybutyrate?,0
417,New on Piracetam,0
418,Head Impacts: Frequent Soccer Ball Heading Correlated to Worse Cognitive Performance (2018),0
419,Protective effect of menthol on Œ≤-amyloid peptide induced cognitive deficits in mice.2012,0
420,Question for long time L-Theanine users,0
421,"Royal jelly found to increase stem cell renewal and propel cure for Alzheimer‚Äôs, claim scientists | Science | The Guardian",0
422,Where to purchase URB597? (for non recreational purpose),0
423,Verbal Memory Deficiency?,0
424,Piracetams are simply MAOI's?,0
425,Vivid dreams after taking Magnesium Citrate+Fish Oil before bed?,0
426,Supplement induced neuropathy?,0
427,Does it matter what brand of Lion's Mane you use?,0
428,NAC &amp; exercise,0
429,Improving cognition in anxious / depressed individuals ?,0
430,Magnolia bark extract,0
431,Prednisolone with Nicotine (Cigarets) Nootropic Effects?,0
432,Is it possible to increase the level of noradrenaline in the brain?,0
433,Any new experience with IDRA-21?,0
434,Needing less sleep on L-Theanine?,0
435,How to supplement while intermittent fasting?,0
436,Reishi Mushroom Effect (Positive &amp; Negative?),0
437,What is your experience with Folate?,0
438,Epicor and NGF reduction,0
439,"single and chronic administration of magnesium sulfate enhances long-term memory in novel object recognition test, in healthy and ACTH-treated rats",0
440,Neurofeedback,0
441,Korean Ginseng,0
442,Former vet student turned neuroscientist launches nootropic supplement based on efficacious doses,0
443,Is there a link between Bromantane and Alzheimers disease?,0
444,A few natural nootropics with great cognitive effects,0
445,The Effects of Agmatine on Mice Behavior,0
446,where to buy vitamin b12 bottles (for injection purposes) online ?,0
447,Recommendations for better sleep quality?,0
448,What are the top brands for Bacopa?,0
449,Tip: Atlantic Mackerel contains approx 480mg of Phosphatidylserine per 100g.,0
450,Weird reaction to St John Wort...,0
451,Personal experience with L-Theanine to report and a question,0
452,Internal vibrating sensation after using rhodiola,0
453,Where to get Selank (nasal) + other questions,0
454,How do I cycle Huperzine A?,0
455,NR -&gt; NAD+ Dosage,0
456,"Do you have these Interesting side effects to choline supplement, alpha gpc",0
457,Food for thought: association between dietary tyrosine and cognitive performance in younger and older adults.2017,0
458,Ways to reverse possible damage done due to long-term anticholinergic use,0
459,Anyone else have issues with using PayFast to buy on NewMind? i.e. the payment always pending?,0
460,Anybody ever used eAdvantage?,0
461,Hyperforin in St. John‚Äôs Wort‚Äôs Central Effects: What is the Mechanism of Action? (Nootropic effects) 2011 PDF,0
462,"Study: Microdosing Magic Mushrooms Enhances Creativity, Problem Solving Abilities - Microdosing magic mushrooms induces a state of 'unconstrained thought,' enhancing convergent and divergent thinking.",0
463,Current Evidence of Chinese Herbal Constituents with Effects on NMDA Receptor Blockade,0
464,"Cannabis Does not Impair Cognitive Performance Except Memory, Longitudinal Twin Controlled Study (2017).",0
465,New procognitive enhancers acting at the histamine H3 and AMPA receptors reverse natural forgetting in mice: comparisons with donepezil and memantine in the object recognition task. [2018],0
466,"Dietary Supplementation of Lion's Mane Medicinal Mushroom, Hericium erinaceus (Agaricomycetes), and Spatial Memory in Wild-Type Mice.2018",0
467,"[advice] Broke out in whole body hives this weekend, dr thinks it's from tinctures",0
468,Apolipoprotein E genotype moderates the association between dietary polyunsaturated fat and brain function: an exploration of cerebral glutamate and cognitive performance. [2018],0
469,Long Term Alpha GPC Use,0
470,Hyoscamus Niger for muscle twitches/anxiety does this work?,0
471,Eastern &amp; Western Medicine,0
472,I recently bought from nootropics depot,0
473,Memantine: neurotoxin. Extremely severe contraindication with testosterone [causes irreversible Olney's lesions].,0
474,Where is the best place/site to get nootropics in the UK?,0
475,Passionflower tincture + CBD oil + Lavendel oil. Amazingly relaxing and calming!,0
476,"Are nootropics fine to consum after their expiry date since it's called ""Optimal date consumption"" ?",0
477,Once or Twice a Week Memantine Dosing?,0
478,"Curcumin accelerates wound healing by increasing angiogenesis, but inhibits lung cancer growth by decreasing angiogenesis, in mice (2014)",0
479,Phenylpiracetam C12H14N2O2,0
480,Is anyone experienced in taking PEA for focus?,0
481,I'm 20 and ADHD. Are racetams safe in the long-term?,0
482,Theobromine: Share your experience,0
483,The effect of humor on short-term memory in older adults: a new component for whole-person wellness.2014,0
484,Does anyone use spirulina?,0
485,Anyine using royal jelly?,0
486,Any drugs that force REM sleep?,0
487,It seems to me that ketosis and micro-dosing could be an extremely potent combination. Do any of you have experience doing so?,0
488,"Nicotine patches, what do you think?",0
489,Dihexa updates?,0
490,Thinking of making my own capsules. Tips?,0
491,Short Term/Working Memory Noot,0
492,"The Brain 006: Adaptogens (Rhodiola, Ashwagandha) and Melatonin, Sleep, Cereset and more new studies [all links in comment]",0
493,Anyone tried the rhino rush ephedra shots?,0
494,L-theanine + caffeine from tea or from supplements? Pros/cons?,0
495,"Hellish phenylpiracetam comedown, similar to amphetamines?",0
496,How harmful is using nicotine as a nootropic?,0
497,Best seller to get Uridine into Canada,0
498,Solidified method for amp tolerance?,0
499,Have anyone tried to ship from Nootropics Depot to Belgium?,0
500,Interesting study on Testosterone and its relation to IQ,0
501,"Thymoquinone, from Black Seed Oil, has highly potent anti-cancer activity in rats",0
502,Looking for a good L-Theanine supplier in the UK,0
503,My daily/weekly habits and supplements,0
504,Even low dose of NAC (250-500mg) makes me nauseous.,0
505,To those that have used both memantine and bromantane,0
506,ADHD and Glutamate,0
507,Panic from activated charcoal?,0
508,Modafinil alternative?,0
509,Anyone use brewers yeast?,0
510,AMPA receptor positive allosteric modulators?,0
511,Attachment anxiety is related to Epstein‚ÄìBarr virus latency,0
512,Dopamine is a double-edged sword: dopaminergic modulation enhances memory retrieval performance but impairs metacognition (2018),0
513,Will WE ever be able to permanently raise our IQs?,0
514,"Good, cheap source for bacteriostatic water?",0
515,Another N-Acetyl Cysteine effect that I'm noticing.,0
516,ALCAR (Acetyl L-Carnitine) and the NMDA receptor; Memory problems and Marijuana abuse,0
517,Does anyone here use Turmeric/Curcumin for Cognitive Enhancement or general brain health?,0
518,Capsule Machine Idea,0
519,I‚Äôve heard that Ashwagandha has to be built up in your body to work but I only want to take it twice a week,0
520,Cordyceps and Anxiety,0
521,Is the caffeine + L-theanine combo doable with green tea and e.g. coffee?,0
522,Ashwagandha - Is this KSM-66 Extract?? It‚Äôs the GNC brand,0
523,"Why is there so much Zinc, B6 and B12 in Neuroprime by MindNutrition ?",0
524,Which nootropic/peptite can permanently regenerate dopaminergic neurons? 9-Me-BC? BPC-157?,0
525,"Had a terrible night sleep, waking up frequently and trouble falling back to sleep. Which of these supplements I took yesterday could have caused that if taken too late in the day (around noon)? Any of them?",0
526,Baclofen for muscle tension,0
527,Does anyone have a Nootropics garden?,0
528,Anyone know if this book is still considered accurate?,0
529,Which Curcumin is best?,0
530,Had L-Theanine supplement verified using a mass spectrometry test at a lab. Cost $100 on Science Exchange.,0
531,Choline associated hypersexuality in a 79-year-old man. - PubMed,0
532,Cross reference for creatine - how will it affect male baldness?,0
533,N-Acetyl Cysteine appears to have obliterated my physical anxiety and racing thoughts.,0
534,Drugs that change your personality?,0
535,"DL-phenylalanine spikes blood pressure 20 points. Is this ""bad""?",0
536,I tried noopept for the first time and had no positive effects. Any advice or did I waste $20?,0
537,"Let's go meta and discuss here on r/nootropics, a recently published paper about discussions on r/nootropics (Hi üëã Future researchers)",0
538,Rubidium Chloride Produces Antidepressant Effect Partially Through Normalizing Circadian Rhythms in Stressed Organisms,0
539,How long do the effects of nicotine gum last? (2mg),0
540,Best sulforaphane supplement,0
541,L-Tyrosine Tolerance question,0
542,Ashwaganda,0
543,Nootropics and music production,0
544,Ashwagandha Capsules,0
545,[ShowReddit] I made a tool that lets you search supplements by the words people use in their reviews,0
546,Bromantane completely inaccessible?,0
547,MAO-I + Nicotine Patches,0
548,"Ashwaganda seems to have reduced my social anxiety. In a v subtle way as well - I don‚Äôt find Ashwaganda mood altering, it‚Äôs rather there‚Äôs just an absence of anxiety. So subtle I only reflected on it &amp; then realised I‚Äôd had reduced social anxiety. I‚Äôm using KSM66 &amp; using a high dose - 600mg/day.",0
549,Alternative to Piracetam for multitasking at work,0
550,Questions regarding 9-ME-BC,0
551,"DPA, just as important as DHA and EPA!?",0
552,"If you could limit yourself to only 5 nootropics for 2019, what nootropics would you choose?",0
553,Piracetam on adrenals,0
554,Behavioural and epigenetic effects of paternal exposure to cannabinoids during adolescence on offspring vulnerability to stress.2018,0
555,What would happen if we all took smart drugs?,0
556,CANNABINOID RECEPTOR AGONISTS UPREGULATE AND ENHANCE SEROTONIN 2A (5-HT2A) RECEPTOR ACTIVITY VIA ERK1/2 SIGNALING.2013,0
557,"lab tested DHA, EPA supplements?",0
558,Omega-3 EPA/DHA following brain injury [x-post from r/TBI],0
559,Looks like an HIV drug raises visual spatial and memory skills.,0
560,How to stop getting insomnia from mixing Rhodiola Rosea and coffee?,0
561,Does anyone take Suma/Brazilian Ginseng?,0
562,Novel molecular mechanisms for the adaptogenic effects of herbal extracts on isolated brain cells using systems biology,0
563,What does it mean if my anxiety disorder completely disappears when I come down with something like a cold/infection?,0
564,"Caffeine make me less resistant to stress, why?",0
565,"5-htp, Green tea, and L-Tyrosine",0
566,Milk Thistle - strange experience,0
567,Why does piracetam make me anti social?,0
568,The Role of Taurine in the Central Nervous System and the Modulation of Intracellular Calcium Homeostasis (2002),0
569,Anxiolytic stimulants... let's make a list.,0
570,Magtein and magnesium citrate,0
571,Rhodiola Rosea vs Schisandra Chinensis?,0
572,"Anyone have a discount code for Nootropics Depot? About to make an order, don't know where else to ask, thanks!",0
573,"When optimizing yourself, do you do it a holistic manner?",0
574,Better brands,0
575,Low selenium diet increases the dopamine turnover in prefrontal cortex of the rat.,0
576,Anti cholinergic depression - Benadryl,0
577,Recovering from stroke,0
578,Vitamin D Improves Neurogenesis and Cognition in a Mouse Model of Alzheimer's Disease (high dose),0
579,Home made bulletproof coffee,0
580,Does anyone supplement Boron?,0
581,Nootropic intranasal administration,0
582,Epilepsy drug valproic acid reduced amygdala volume - potentially beneficial for anxiety disorders,0
583,Variation in effects of caffeine (andother drugs) based on who makes them,0
584,Nootropics that target the insular cortex?,0
585,Yet another question about Ashwaganda!,0
586,Is noopept alone a worthwhile nootropic?,0
587,oxytocin nasal spray?,0
588,Most Expensive Multivitamin - Experience,0
589,Taking ZMA for anxiety,0
590,"I need honest review about PQQ, it‚Äôs worth it or not .the price or the supplement is too much .",0
591,"acetyl l carnitine general best by date was April 2018. I should be able to take it still, right?",0
592,St John's Wort and changing tastes.‚Äã,0
593,GABA‚Äêmodulating phytomedicines for anxiety: A systematic review of preclinical and clinical evidence.2017,0
594,Piracetam depression,0
595,Racetams affect liver ability to metabolise alcohol?,0
596,Piracetam and marijuana damage experience,0
597,Does high protein improve focus ?,0
598,Coffee with sugar,0
599,Does the effect of L-theanine on dopamine levels have a limit?,0
600,How long does it take ashwagandha to increase testosterone levels?,0
601,"l-theanine pills smell really bad, are they safe?",0
602,Dopamine Neurons Mediate Learning and Forgetting through Bidirectional Modulation of a Memory Trace,0
603,Why doesn't 5-HTP work for everyone with Depression?,0
604,Is CBD legit or a scam?,0
605,Does anyone have any experience taking Inositol?,0
606,Major Optimizations of Keto as a Nootropic,0
607,Questions about NAC+Ashwagandha,0
608,Has anyone tried this I had the first dose this morning. I got through 6 hours of sold work but feeling a bit of a crash now,0
609,Caffeine pills vs drinking your caffeine,0
610,Anyone used hot baths to get the cognitive benefits of heat shock (like suanas) what was your experience?,0
611,How does BPC-157 affect your cognition and tolerance to stimulants?,0
612,"Toxoplasma Gondii is a very common brain parasite that has been implicated in a range of mental disorders and lower intelligence. Has somebody tested positive, got cured and perceived a change?",0
613,Fasoracetam Sublingual - 200mg,0
614,"First time using Fasoracetam, how do I take it and at what dosage?",0
615,Intense irritation and headache from piracetam?,0
616,Does Propranolol permanently effect memory?,0
617,Nootropics for sleep (besides melatonin and sleeping pills) ?,0
618,Vitamin D kidney problems,0
619,Melatonin left me ungrounded in reality for a while after waking up?,0
620,DHA and Uridine monophosphate increase number of dendritic spines in hamster brain,0
621,Exercise benefits,0
622,What has been your experience with Rhodiola Rosea?,0
623,Magnesium for anxiety.,0
624,What compound is both a d1 and a2 receptor agonist in the prefrontal cortex?,0
625,Does L-Theanine cause acid reflux?,0
626,Uridine low dose vs normal dose,0
627,"D-Serine, an NMDA agonist, antagonizes the antidepressant-like effects of Magnesium and Zinc in mice (2008)",0
628,Podcast: The Dark Side of Neuroplasticity,0
629,One examine.com only one supplement is proven to improve executive functioning. Have you ever tried it?,0
630,Nootropics that release dopamine/serotonin vs those that naturally increase circulating levels,0
631,Mushrooms reishi lions mane,0
632,Magnesium causing drowsiness and headaches,0
633,NSI-189 side effects,0
634,What are some hobbies that go well with nootropics and cognitive training?,0
635,Does Inositol lower Testosterone levels in men and increase estrogen?,0
636,Bacopa Monnieri Experience after 4 months !,0
637,Do I need to take choline with racetams?,0
638,"What are some things you do to live a ""pro-cognitive"" life?",0
639,Magnesium L Threonate,0
640,Would distraction-osteogenesis to increase the capacity of the braincase result in brain growth in an adult?,0
641,How Arts Training Improves Attention and Cognition,0
642,Lemon Balm vs Chamomile vs GABA,0
643,"My Top 5 Nootropics of 2018 (No sales, just info)",0
644,Anyone know where i can find Caffeine Citrate ( Cafcite) Used to get from powder city,0
645,Omega-3 fatty acids and risk of cognitive impairment and dementia,0
646,"Limitless 005: Bad Cholesterol is Good for the Brain, Time-travel for Memory, and much more! [all links in comment]",0
647,What are some Nootropics anyone can find in their home?,0
648,Piracetam Attenuates LPS-Induced Neuroinflammation and Cognitive Impairment in Rats. - PubMed,0
649,Modulation of anti-tumor immunity by the brain‚Äôs reward system.2018,0
650,"What is a reputable, safe site to get NA Semax amidate from?",0
651,Bacopa doesn‚Äôt work on me?,0
652,Fasoracetam oral vs sublingual?,0
653,Just started selegiline and was wondering if what I am feeling is normal.,0
654,To how many times should I limit my usage of nicotine per week to avoid tolerance?,0
655,Circumin spray from ResultsRNA,0
656,What to expect from NAC?,0
657,Beta-Alanine and its Effects on Behavior,0
658,what kind of zinc most benefiting you?,0
659,What successes/accomplishments have you got done by taking nootropics?,0
660,"Lion's Mane, Bacopa and Libido",0
661,Best way to organise/store Nootropic stacks when travelling?,0
662,What's your favorite nootropic for MEMORY?,0
663,Lions mane,0
664,Genius mushroom vs. Genius Consciousness?,0
665,Is purenootropics.net legitimate?,0
666,"Zinc supplementation enhances memory in both young and adult rats, and reverses an age-dependent increase in plasma Copper (2017)",0
667,THCV and executive function.,0
668,"My appreciation for, and my problem with investing in Nootropics",0
669,Nice diagram showing the metabolic relationship between the various cholinergics and phospholipids,0
670,Nootropics Supplier,0
671,Ashwaganda dosage help? Grabbed one off the shelf didn't realize it was 6000mg.,0
672,valproate/valproic acid,0
673,Piracetam,0
674,Lion's Mane &amp; Threesome,0
675,"Ashwagandha is awesome, but I have some questions",0
676,Modafinil (+ Piracetam) induced depression?,0
677,Neurohealth Properties of Hericium erinaceus Mycelia Enriched with Erinacines (2018),0
678,What are some other subreddits that yyou'd like to share with the nootropic community?,0
679,Thoughts on agmatine?,0
680,Does increased NGF make it harder to change behaviour or thought-processes?,0
681,I am not feeling Cabergoline after big dose. Was I scammed?,0
682,"Wuling Powder (Xylaria Sp mycelium) for the Treatment and Underlying Mechanism of Depressive Symptoms in Patients With Parkinson's Disease - PHASE 3, 4 TRIAL",0
683,NALT or Uridine for anhedonia from GAD?,0
684,First Study of Safety and Neurocognitive Function Following Acute 4-Fluoroamphetamine Administration in Humans (2018),0
685,"Does working memory training work? Slightly off topic, but hopefully still allowed.",0
686,Has anyone actually gotten improved benefits from continuous use of a nootropic? My experience has been exclusively tolerance build up and/or side effects from continuous use.,0
687,Higher dose Ashwagandha extract safe? (2x 125mg Sensoril 10% withanolide),0
688,Handy paper (oct. 2018) for those who use herbals to see how they can interact with the immun esystem,0
689,Potentiate Lion's Mane Mushroom?,0
690,Bacognize Bacopa- my positive experience,0
691,Caffeine in pill does not have the same effect on me,0
692,"Struggling with first Ashwagandha doses, so many questions",0
693,Is it ok to take Gaba long term?,0
694,Best BCP-157 Supplier USA,0
695,Allergic to Cordyceps?,0
696,Semax gave me Dizziness / confusion / Derealization ???,0
697,Is Om's Naturals a good brand for Lions Mane?,0
698,Alcar + heat,0
699,How to take Lion's mane?,0
700,Caffeine elimination,0
701,Best Executive functioning nootropic,0
702,What to take with Lions Mane,0
703,"Has anyone noticed lemon balm helping them with daily anxiety, in any way?",0
704,Low Level Light Therapy (LLLT)/Photobiomodulation doesn't receive enough attention in this sub.,0
705,"What are some nootropics that have Goldilocks dosing schedules, where a little more or less changes the effects?",0
706,Uhhhhh am I missing something? Day 3.....,0
707,Update on quitting my Juul addiction.,0
708,Can excessive magnesium cause migraines/auras/cortical spreading depression?,0
709,prl-8-53 tolerance build-up,0
710,How To Hack Your Brain - Top 6 Nootropics,0
711,Mr. Happy advice,0
712,Would I be spamming?,0
713,Bacognize Positive Results?,0
714,Dante Labs full genome sequencing for ‚Ç¨169,0
715,"[Weird/stupid question] What is homeostasis, does it exist in neurology, and does meditation (mindfulness) change that to an extent?",0
716,Anti-stress effects of ginseng via down-regulation of tyrosine hydroxylase (TH) and dopamine Œ≤-hydroxylase (DBH).,0
717,People who have been successful with selegeline - how'd you dose?,0
718,Himalayan pink salt = calmness?,0
719,Inositol is amazing,0
720,Best anxiety GODSEND - echinacea *angustifolia* proprietary concentrate,0
721,How do we know these nootropics work?,0
722,"Ashwagandha root powder, best way to prepare it?",0
723,"DMAE, first time, wow dizzy af",0
724,Is magnesium oxide wrongly demonized for having low bioavailability?,0
725,Has anybody tested cordycepin + adenosine deaminase inhibitor like naringin,0
726,Nicotine Exposure of Male Mice Produces Behavioral Impairment in Multiple Generations of Descendants,0
727,Anyone know where to get the Philips GoLite Blu for cheap on Black Friday?,0
728,Nootropics improving reaction time,0
729,Ashwagandha toxicity? anyone have experience here?,0
730,berberine and ssri's,0
731,Cordycepin Increases Nonrapid Eye Movement Sleep via Adenosine Receptors.,0
732,Selegiline instead of Hordenine for Phenylethylamine,0
733,"After ingesting kilograms of piracetam over the course of years, I have developed what appears to be a piracetam allergy.",0
734,Low Protein High Carb promissing for longevity,0
735,Does anyone know of a Probiotic brand in the UK that isn't bullshit? I.E dead bacteria,0
736,16 Surprising Benefits of Ginseng Tea | Organic Facts,0
737,Bad reaction to Ksm66 Ashwagandha?,0
738,Cordyceps is by far one of the best nootropics I've ever tried,0
739,Serotonin's Role In Motivation/Pleasure Response.,0
740,Yerba Matte + l-theanine,0
741,5-HTP - Dopamine Depletion,0
742,Adderal + L-theanine,0
743,Sarcosine + NAC for anhedonia,0
744,Who else has switched to incandescent or halogen lighting for health purposes?,0
745,Maca's MoA?,0
746,Sulforaphane from Broccoli Sprout powder?,0
747,Melatonin: Everything You Need To Know,0
748,Caffeine acting as an anxiolytic?,0
749,How does meditation effect the brain?,0
750,"Magnesium and Calcium should be taken TOGETHER, not separately. They naturally co-occur in most foods (except dairy), and their competition for absorption might protect you against getting too much of either",0
751,phenylpiracetam experience,0
752,Thoughts on taking CoQ10 during pregnancy for the brain health of a fetus?,0
753,"The Brain 004: Klotho, Vitamin C and B3, Meditation for sleep, Testosterone for depression, and more [all links in comment]",0
754,Heartburn from Sulbutiamine?,0
755,Bacopa-experience,0
756,Vitamin D and Cortisol,0
757,Magnesium L-Threonate (Magtein) Worth the Cost Over Glycinate + Dosage Question,0
758,Lions mane side effects and sleep effects,0
759,"Nutrient Power: Heal Your Biochemistry and Heal Your Brain by William Walsh (methylation, SAMe, p5p)",0
760,Micronutrients deficiencies vs anti-fatigue &amp; concentration aids,0
761,Where can I Order Piracetam for delivery in Canada?,0
762,how often can I consume caffeine in a week to keep my tolerance/dependency at a minimum?,0
763,Aphrodisiacs enhanced social functioning and virtually eliminated stress response for me.,0
764,Why am I so anxious and jittery after taking probiotics?,0
765,So I've Just Taken My First 40mg Capsule of NSI-189 Phosphate..,0
766,I am curious as to the benefits of various mushrooms and potential interactions?,0
767,"noopept, hif1a, prolyl-hydroxylase, and cancer?",0
768,"Stan Grof, lessons from 4500 LSD sessions and beyond",0
769,Taurine Ameliorates Thyroid Hypofunction and Renal Injury in L-NAME-Induced Hypertensive Rats. - PubMed,0
770,How does breathing relate to cognition?,0
771,How can I improve my free genetic reporting tool?,0
772,Curious about nsi 189,0
773,I think i truly felt l- theanine at 1200mg.,0
774,My stack for becoming a morning person,0
